,customer_id,predictions,No Churn %,Churn %
0,6121,0,1.0,0.0
1,229,0,0.7878787878787878,0.21212121212121213
2,3357,0,0.6129032258064516,0.3870967741935484
3,4210,0,1.0,0.0
4,3093,0,0.5576923076923077,0.4423076923076923
5,3060,0,1.0,0.0
6,3195,0,0.7708333333333334,0.22916666666666666
7,4336,0,1.0,0.0
8,5368,0,1.0,0.0
9,882,1,0.3425925925925926,0.6574074074074074
10,5557,0,1.0,0.0
11,2463,1,0.0,1.0
12,932,0,1.0,0.0
13,3801,0,1.0,0.0
14,1774,1,0.125,0.875
15,1558,1,0.35714285714285715,0.6428571428571429
16,4556,0,0.9375,0.0625
17,5015,1,0.46017699115044247,0.5398230088495575
18,1068,0,1.0,0.0
19,1481,0,1.0,0.0
20,5925,1,0.45161290322580644,0.5483870967741935
21,5652,0,1.0,0.0
22,3574,0,1.0,0.0
23,581,0,1.0,0.0
24,5155,1,0.3425925925925926,0.6574074074074074
25,4442,1,0.0,1.0
26,2102,0,0.672514619883041,0.32748538011695905
27,1707,0,1.0,0.0
28,2345,0,1.0,0.0
29,159,1,0.3425925925925926,0.6574074074074074
30,4177,0,1.0,0.0
31,2661,1,0.0,1.0
32,3063,1,0.0,1.0
33,1693,1,0.0,1.0
34,1242,0,0.9,0.1
35,3967,1,0.3333333333333333,0.6666666666666666
36,1608,1,0.25,0.75
37,2768,0,0.9705882352941176,0.029411764705882353
38,1968,0,1.0,0.0
39,1483,0,0.672514619883041,0.32748538011695905
40,2372,0,1.0,0.0
41,2330,1,0.3488372093023256,0.6511627906976745
42,2023,1,0.0,1.0
43,5961,0,1.0,0.0
44,3638,0,0.9375,0.0625
45,6571,0,1.0,0.0
46,5398,0,1.0,0.0
47,3628,0,0.7931034482758621,0.20689655172413793
48,5254,1,0.0,1.0
49,5808,1,0.0,1.0
50,105,0,0.672514619883041,0.32748538011695905
51,5006,0,0.8571428571428571,0.14285714285714285
52,4910,0,1.0,0.0
53,4144,0,1.0,0.0
54,6061,0,1.0,0.0
55,3139,0,0.9047619047619048,0.09523809523809523
56,4293,0,1.0,0.0
57,4897,0,0.7878787878787878,0.21212121212121213
58,3151,0,1.0,0.0
59,3299,1,0.3425925925925926,0.6574074074074074
60,311,1,0.43333333333333335,0.5666666666666667
61,3792,0,1.0,0.0
62,6450,1,0.3425925925925926,0.6574074074074074
63,5229,0,1.0,0.0
64,4461,0,0.672514619883041,0.32748538011695905
65,6322,0,0.672514619883041,0.32748538011695905
66,1145,0,0.7878787878787878,0.21212121212121213
67,2821,0,1.0,0.0
68,6169,0,1.0,0.0
69,5321,1,0.3425925925925926,0.6574074074074074
70,142,1,0.0,1.0
71,5138,1,0.14285714285714285,0.8571428571428571
72,3587,0,0.7878787878787878,0.21212121212121213
73,3530,0,1.0,0.0
74,722,0,1.0,0.0
75,712,0,0.7878787878787878,0.21212121212121213
76,1497,1,0.3425925925925926,0.6574074074074074
77,167,0,0.6,0.4
78,5516,1,0.36363636363636365,0.6363636363636364
79,4736,0,1.0,0.0
80,3593,0,0.5,0.5
81,1356,1,0.14285714285714285,0.8571428571428571
82,4850,0,1.0,0.0
83,577,0,1.0,0.0
84,4095,0,1.0,0.0
85,2172,0,1.0,0.0
86,6950,0,1.0,0.0
87,3466,0,0.672514619883041,0.32748538011695905
88,2902,0,1.0,0.0
89,732,0,1.0,0.0
90,4564,0,1.0,0.0
91,2952,1,0.4444444444444444,0.5555555555555556
92,5935,0,0.5576923076923077,0.4423076923076923
93,4544,0,1.0,0.0
94,6463,0,0.6896551724137931,0.3103448275862069
95,622,0,1.0,0.0
96,6877,0,0.9,0.1
97,3412,0,0.625,0.375
98,4693,1,0.0,1.0
99,1013,0,1.0,0.0
100,6474,0,1.0,0.0
101,3536,1,0.43333333333333335,0.5666666666666667
102,6654,1,0.43333333333333335,0.5666666666666667
103,3606,0,0.672514619883041,0.32748538011695905
104,6874,0,1.0,0.0
105,2018,0,0.5,0.5
106,6685,0,0.672514619883041,0.32748538011695905
107,6156,1,0.36585365853658536,0.6341463414634146
108,4120,0,1.0,0.0
109,5339,0,1.0,0.0
110,4806,0,1.0,0.0
111,5942,0,0.9444444444444444,0.05555555555555555
112,4729,1,0.3488372093023256,0.6511627906976745
113,6478,1,0.0,1.0
114,5097,0,1.0,0.0
115,1380,0,1.0,0.0
116,3067,0,0.672514619883041,0.32748538011695905
117,1344,0,0.8125,0.1875
118,1087,1,0.0,1.0
119,1477,0,0.9047619047619048,0.09523809523809523
120,7029,0,0.9047619047619048,0.09523809523809523
121,4198,0,1.0,0.0
122,6590,0,0.875,0.125
123,6678,0,1.0,0.0
124,5030,0,0.8,0.2
125,1524,0,1.0,0.0
126,2866,0,0.5714285714285714,0.42857142857142855
127,4197,0,1.0,0.0
128,5511,0,1.0,0.0
129,1530,0,0.782608695652174,0.21739130434782608
130,3478,1,0.25,0.75
131,6030,1,0.410958904109589,0.589041095890411
132,2593,0,1.0,0.0
133,2253,0,1.0,0.0
134,3462,0,0.782608695652174,0.21739130434782608
135,2910,1,0.3425925925925926,0.6574074074074074
136,4477,1,0.43333333333333335,0.5666666666666667
137,2389,0,1.0,0.0
138,1465,0,1.0,0.0
139,1397,0,1.0,0.0
140,2558,0,1.0,0.0
141,3264,0,0.6129032258064516,0.3870967741935484
142,5236,1,0.36585365853658536,0.6341463414634146
143,343,0,1.0,0.0
144,1203,1,0.125,0.875
145,2184,1,0.0,1.0
146,3027,0,1.0,0.0
147,6700,1,0.36585365853658536,0.6341463414634146
148,2267,0,1.0,0.0
149,4333,0,1.0,0.0
150,6390,1,0.43333333333333335,0.5666666666666667
151,5927,0,1.0,0.0
152,1762,0,1.0,0.0
153,5189,0,0.672514619883041,0.32748538011695905
154,957,0,0.9,0.1
155,1060,0,1.0,0.0
156,1865,0,1.0,0.0
157,2864,0,0.9705882352941176,0.029411764705882353
158,5017,0,1.0,0.0
159,5740,0,1.0,0.0
160,2493,1,0.43333333333333335,0.5666666666666667
161,350,0,1.0,0.0
162,3703,1,0.0,1.0
163,4094,0,0.9722222222222222,0.027777777777777776
164,6053,0,1.0,0.0
165,1697,0,1.0,0.0
166,3449,0,0.9636363636363636,0.03636363636363636
167,830,0,0.7878787878787878,0.21212121212121213
168,4026,0,1.0,0.0
169,4759,0,1.0,0.0
170,4721,1,0.3488372093023256,0.6511627906976745
171,5295,1,0.3425925925925926,0.6574074074074074
172,2699,1,0.36585365853658536,0.6341463414634146
173,5483,0,1.0,0.0
174,1364,0,1.0,0.0
175,6651,0,0.5576923076923077,0.4423076923076923
176,2741,1,0.46017699115044247,0.5398230088495575
177,228,1,0.46017699115044247,0.5398230088495575
178,5179,0,0.5576923076923077,0.4423076923076923
179,5959,0,1.0,0.0
180,123,0,0.672514619883041,0.32748538011695905
181,2892,1,0.0,1.0
182,3980,0,1.0,0.0
183,3904,1,0.0,1.0
184,5651,1,0.410958904109589,0.589041095890411
185,4972,0,0.76,0.24
186,2311,0,0.672514619883041,0.32748538011695905
187,2606,1,0.410958904109589,0.589041095890411
188,3747,1,0.3425925925925926,0.6574074074074074
189,6153,0,0.7931034482758621,0.20689655172413793
190,6953,0,0.9047619047619048,0.09523809523809523
191,1384,1,0.3488372093023256,0.6511627906976745
192,3624,0,1.0,0.0
193,6754,1,0.36585365853658536,0.6341463414634146
194,5668,1,0.0,1.0
195,6265,1,0.46017699115044247,0.5398230088495575
196,4880,0,0.9375,0.0625
197,3190,1,0.45161290322580644,0.5483870967741935
198,4051,0,0.6896551724137931,0.3103448275862069
199,294,1,0.3425925925925926,0.6574074074074074
200,3341,1,0.0,1.0
201,3046,1,0.4642857142857143,0.5357142857142857
202,4709,0,0.672514619883041,0.32748538011695905
203,6924,0,1.0,0.0
204,6088,0,0.9444444444444444,0.05555555555555555
205,251,1,0.2727272727272727,0.7272727272727273
206,6776,0,1.0,0.0
207,3634,0,0.672514619883041,0.32748538011695905
208,2946,0,1.0,0.0
209,6639,0,0.6129032258064516,0.3870967741935484
210,5679,0,1.0,0.0
211,6799,1,0.46017699115044247,0.5398230088495575
212,6295,0,0.75,0.25
213,26,0,0.7931034482758621,0.20689655172413793
214,211,1,0.0,1.0
215,2504,0,0.7878787878787878,0.21212121212121213
216,340,1,0.410958904109589,0.589041095890411
217,1434,1,0.3425925925925926,0.6574074074074074
218,172,0,1.0,0.0
219,4218,0,1.0,0.0
220,1076,0,1.0,0.0
221,3482,0,1.0,0.0
222,2469,0,1.0,0.0
223,4800,0,0.672514619883041,0.32748538011695905
224,1600,0,0.9636363636363636,0.03636363636363636
225,2897,1,0.46017699115044247,0.5398230088495575
226,4245,0,1.0,0.0
227,5347,0,1.0,0.0
228,2747,0,1.0,0.0
229,6923,0,1.0,0.0
230,5306,0,1.0,0.0
231,2067,0,0.672514619883041,0.32748538011695905
232,6420,0,1.0,0.0
233,2007,0,0.782608695652174,0.21739130434782608
234,1256,0,0.9375,0.0625
235,3087,1,0.25,0.75
236,4295,0,0.7931034482758621,0.20689655172413793
237,1599,0,0.7931034482758621,0.20689655172413793
238,2182,1,0.0,1.0
239,825,0,1.0,0.0
240,3558,0,0.8333333333333334,0.16666666666666666
241,6704,0,0.9047619047619048,0.09523809523809523
242,2034,0,0.9,0.1
243,3440,0,1.0,0.0
244,5587,1,0.3333333333333333,0.6666666666666666
245,3989,0,1.0,0.0
246,2791,0,1.0,0.0
247,5712,0,1.0,0.0
248,2299,0,1.0,0.0
249,5816,0,1.0,0.0
250,4023,0,0.9,0.1
251,318,0,0.8,0.2
252,1462,0,1.0,0.0
253,4474,1,0.43333333333333335,0.5666666666666667
254,4424,1,0.36585365853658536,0.6341463414634146
255,1595,0,0.8125,0.1875
256,5098,0,1.0,0.0
257,3527,0,1.0,0.0
258,4097,0,0.9722222222222222,0.027777777777777776
259,833,0,0.5576923076923077,0.4423076923076923
260,4277,0,1.0,0.0
261,5417,1,0.0,1.0
262,2188,0,1.0,0.0
263,532,0,1.0,0.0
264,4258,0,0.782608695652174,0.21739130434782608
265,3015,1,0.0,1.0
266,4252,0,1.0,0.0
267,1057,0,0.782608695652174,0.21739130434782608
268,3509,0,1.0,0.0
269,2688,1,0.0,1.0
270,1666,0,1.0,0.0
271,3971,0,0.9375,0.0625
272,2707,0,0.672514619883041,0.32748538011695905
273,6409,0,0.7708333333333334,0.22916666666666666
274,6087,0,1.0,0.0
275,13,0,1.0,0.0
276,5440,1,0.0,1.0
277,5534,1,0.3488372093023256,0.6511627906976745
278,734,1,0.0,1.0
279,6229,1,0.2222222222222222,0.7777777777777778
280,3550,0,0.6129032258064516,0.3870967741935484
281,1078,1,0.4444444444444444,0.5555555555555556
282,122,0,1.0,0.0
283,1976,0,0.672514619883041,0.32748538011695905
284,2999,0,1.0,0.0
285,6523,0,0.9375,0.0625
286,2,1,0.410958904109589,0.589041095890411
287,1533,0,0.7931034482758621,0.20689655172413793
288,2359,1,0.410958904109589,0.589041095890411
289,938,0,0.9,0.1
290,2167,0,0.7878787878787878,0.21212121212121213
291,2198,0,1.0,0.0
292,4705,0,0.5576923076923077,0.4423076923076923
293,1257,0,1.0,0.0
294,1115,0,1.0,0.0
295,785,0,1.0,0.0
296,2584,0,1.0,0.0
297,6786,0,0.5576923076923077,0.4423076923076923
298,1866,0,0.7878787878787878,0.21212121212121213
299,5583,0,1.0,0.0
300,4827,0,1.0,0.0
301,6717,0,0.9722222222222222,0.027777777777777776
302,2924,0,1.0,0.0
303,6998,0,1.0,0.0
304,3883,0,1.0,0.0
305,3892,0,1.0,0.0
306,5946,1,0.0,1.0
307,5563,0,1.0,0.0
308,6994,0,1.0,0.0
309,1394,0,0.875,0.125
310,2055,1,0.3425925925925926,0.6574074074074074
311,1096,0,0.6896551724137931,0.3103448275862069
312,2114,0,1.0,0.0
313,782,0,1.0,0.0
314,6824,0,0.7708333333333334,0.22916666666666666
315,5817,0,1.0,0.0
316,1560,1,0.0,1.0
317,2780,1,0.43333333333333335,0.5666666666666667
318,3804,1,0.25,0.75
319,236,0,1.0,0.0
320,3204,0,1.0,0.0
321,2663,0,0.9444444444444444,0.05555555555555555
322,1545,1,0.0,1.0
323,6948,1,0.46017699115044247,0.5398230088495575
324,2648,0,0.76,0.24
325,3928,0,1.0,0.0
326,1339,1,0.0,1.0
327,170,0,0.7878787878787878,0.21212121212121213
328,2145,0,1.0,0.0
329,1322,1,0.4,0.6
330,4304,0,1.0,0.0
331,6444,1,0.0,1.0
332,1709,1,0.36585365853658536,0.6341463414634146
333,161,0,0.9722222222222222,0.027777777777777776
334,6568,0,1.0,0.0
335,3828,1,0.46017699115044247,0.5398230088495575
336,5228,1,0.36585365853658536,0.6341463414634146
337,1859,0,0.9,0.1
338,6649,1,0.0,1.0
339,2835,1,0.36585365853658536,0.6341463414634146
340,4864,1,0.410958904109589,0.589041095890411
341,3984,0,0.875,0.125
342,1735,1,0.43333333333333335,0.5666666666666667
343,5123,0,1.0,0.0
344,5305,1,0.2222222222222222,0.7777777777777778
345,4018,1,0.43333333333333335,0.5666666666666667
346,160,1,0.3333333333333333,0.6666666666666666
347,3772,0,1.0,0.0
348,3941,0,1.0,0.0
349,498,0,1.0,0.0
350,6170,0,0.9636363636363636,0.03636363636363636
351,3689,0,1.0,0.0
352,2043,0,1.0,0.0
353,3490,0,0.9047619047619048,0.09523809523809523
354,5836,0,1.0,0.0
355,857,0,1.0,0.0
356,1785,1,0.3488372093023256,0.6511627906976745
357,3486,0,1.0,0.0
358,259,0,1.0,0.0
359,365,0,1.0,0.0
360,2995,0,0.6129032258064516,0.3870967741935484
361,230,0,0.9,0.1
362,2077,0,1.0,0.0
363,2285,0,1.0,0.0
364,686,0,0.6129032258064516,0.3870967741935484
365,4798,0,1.0,0.0
366,2390,1,0.06666666666666667,0.9333333333333333
367,3706,0,1.0,0.0
368,5351,0,1.0,0.0
369,3047,0,1.0,0.0
370,1795,0,0.875,0.125
371,6219,0,0.7878787878787878,0.21212121212121213
372,287,0,0.9,0.1
373,2112,0,0.7878787878787878,0.21212121212121213
374,3115,0,0.6896551724137931,0.3103448275862069
375,1727,0,0.9047619047619048,0.09523809523809523
376,2730,0,1.0,0.0
377,2579,0,0.76,0.24
378,1823,1,0.25,0.75
379,4944,0,1.0,0.0
380,2983,0,1.0,0.0
381,2075,1,0.410958904109589,0.589041095890411
382,5472,0,0.6129032258064516,0.3870967741935484
383,5756,0,1.0,0.0
384,7011,0,1.0,0.0
385,3320,0,0.6666666666666666,0.3333333333333333
386,5170,0,0.9375,0.0625
387,6191,0,1.0,0.0
388,2411,0,1.0,0.0
389,5412,0,1.0,0.0
390,6586,0,1.0,0.0
391,2230,0,0.782608695652174,0.21739130434782608
392,1193,0,1.0,0.0
393,5914,0,1.0,0.0
394,1719,1,0.0,1.0
395,5178,0,1.0,0.0
396,2176,0,1.0,0.0
397,1452,0,1.0,0.0
398,1137,1,0.3425925925925926,0.6574074074074074
399,5886,1,0.0,1.0
400,3461,0,0.9636363636363636,0.03636363636363636
401,4766,0,1.0,0.0
402,1645,0,1.0,0.0
403,5796,1,0.25,0.75
404,6761,0,0.672514619883041,0.32748538011695905
405,4750,1,0.3333333333333333,0.6666666666666666
406,617,0,1.0,0.0
407,2569,1,0.43333333333333335,0.5666666666666667
408,5638,0,0.7878787878787878,0.21212121212121213
409,6726,1,0.410958904109589,0.589041095890411
410,3125,0,1.0,0.0
411,1240,0,1.0,0.0
412,3193,0,1.0,0.0
413,1133,0,0.9636363636363636,0.03636363636363636
414,398,1,0.45161290322580644,0.5483870967741935
415,2387,1,0.14285714285714285,0.8571428571428571
416,984,0,0.8125,0.1875
417,6701,0,1.0,0.0
418,1887,0,0.672514619883041,0.32748538011695905
419,2408,0,0.7708333333333334,0.22916666666666666
420,5584,0,1.0,0.0
421,6227,0,0.7708333333333334,0.22916666666666666
422,4148,1,0.0,1.0
423,2509,0,1.0,0.0
424,603,0,1.0,0.0
425,5041,1,0.14285714285714285,0.8571428571428571
426,6644,0,0.672514619883041,0.32748538011695905
427,1258,0,1.0,0.0
428,4298,0,1.0,0.0
429,3642,0,0.9375,0.0625
430,2397,0,0.6896551724137931,0.3103448275862069
431,293,0,0.9375,0.0625
432,1736,0,1.0,0.0
433,3926,0,1.0,0.0
434,322,0,1.0,0.0
435,6481,0,1.0,0.0
436,4540,1,0.4444444444444444,0.5555555555555556
437,2489,1,0.0,1.0
438,5788,0,0.672514619883041,0.32748538011695905
439,6117,0,1.0,0.0
440,4314,0,1.0,0.0
441,2664,0,0.6129032258064516,0.3870967741935484
442,6348,0,1.0,0.0
443,3484,0,1.0,0.0
444,4028,0,1.0,0.0
445,1431,0,0.5576923076923077,0.4423076923076923
446,7007,0,1.0,0.0
447,3110,0,1.0,0.0
448,1448,0,1.0,0.0
449,3012,0,1.0,0.0
450,232,0,1.0,0.0
451,3911,1,0.0,1.0
452,4513,1,0.35714285714285715,0.6428571428571429
453,330,0,0.875,0.125
454,5481,0,0.782608695652174,0.21739130434782608
455,5560,0,0.9375,0.0625
456,4510,1,0.0,1.0
457,3662,0,0.6875,0.3125
458,4809,0,0.7931034482758621,0.20689655172413793
459,301,1,0.0,1.0
460,1212,1,0.43333333333333335,0.5666666666666667
461,224,0,0.7931034482758621,0.20689655172413793
462,1869,0,0.672514619883041,0.32748538011695905
463,5498,0,0.7708333333333334,0.22916666666666666
464,5963,1,0.14285714285714285,0.8571428571428571
465,827,1,0.45161290322580644,0.5483870967741935
466,921,0,0.9705882352941176,0.029411764705882353
467,5737,0,0.7692307692307693,0.23076923076923078
468,3944,1,0.36585365853658536,0.6341463414634146
469,3589,1,0.0,1.0
470,5031,1,0.06666666666666667,0.9333333333333333
471,5375,1,0.36585365853658536,0.6341463414634146
472,2551,0,0.672514619883041,0.32748538011695905
473,1934,1,0.46017699115044247,0.5398230088495575
474,6871,0,0.7878787878787878,0.21212121212121213
475,6452,0,1.0,0.0
476,2401,0,1.0,0.0
477,39,0,0.672514619883041,0.32748538011695905
478,6539,0,1.0,0.0
479,2771,0,0.782608695652174,0.21739130434782608
480,5749,1,0.25,0.75
481,21,1,0.25,0.75
482,6270,0,1.0,0.0
483,1864,0,0.9705882352941176,0.029411764705882353
484,4737,0,1.0,0.0
485,3916,0,0.8125,0.1875
486,5021,0,0.7692307692307693,0.23076923076923078
487,346,0,0.9722222222222222,0.027777777777777776
488,2838,0,1.0,0.0
489,6127,0,1.0,0.0
490,3191,1,0.3333333333333333,0.6666666666666666
491,4790,0,1.0,0.0
492,4889,0,1.0,0.0
493,1001,0,1.0,0.0
494,5324,0,1.0,0.0
495,6051,0,1.0,0.0
496,3426,1,0.410958904109589,0.589041095890411
497,3948,0,1.0,0.0
498,3696,0,1.0,0.0
499,2012,1,0.36585365853658536,0.6341463414634146
500,6223,1,0.46017699115044247,0.5398230088495575
501,3389,1,0.43333333333333335,0.5666666666666667
502,6228,0,0.8,0.2
503,2269,1,0.3333333333333333,0.6666666666666666
504,2497,0,1.0,0.0
505,6380,0,1.0,0.0
506,3378,1,0.3425925925925926,0.6574074074074074
507,1978,1,0.125,0.875
508,4404,1,0.0,1.0
509,4715,1,0.4,0.6
510,6028,0,1.0,0.0
511,552,0,0.782608695652174,0.21739130434782608
512,382,0,0.7931034482758621,0.20689655172413793
513,680,0,0.6129032258064516,0.3870967741935484
514,1484,0,1.0,0.0
515,5465,0,1.0,0.0
516,7038,0,1.0,0.0
517,4331,0,1.0,0.0
518,4179,1,0.0,1.0
519,6610,0,1.0,0.0
520,4582,1,0.0,1.0
521,3888,0,0.76,0.24
522,1447,0,0.9705882352941176,0.029411764705882353
523,5075,0,0.672514619883041,0.32748538011695905
524,922,0,0.9636363636363636,0.03636363636363636
525,2705,0,1.0,0.0
526,2594,1,0.0,1.0
527,4141,0,1.0,0.0
528,1131,0,1.0,0.0
529,858,0,1.0,0.0
530,967,1,0.2857142857142857,0.7142857142857143
531,4708,1,0.36585365853658536,0.6341463414634146
532,4941,1,0.0,1.0
533,1858,0,1.0,0.0
534,1891,0,1.0,0.0
535,5770,1,0.46017699115044247,0.5398230088495575
536,88,1,0.3425925925925926,0.6574074074074074
537,3788,0,0.782608695652174,0.21739130434782608
538,5682,1,0.35714285714285715,0.6428571428571429
539,5390,0,0.6129032258064516,0.3870967741935484
540,2513,0,0.6129032258064516,0.3870967741935484
541,490,1,0.0,1.0
542,2004,0,1.0,0.0
543,240,0,1.0,0.0
544,4453,0,1.0,0.0
545,4012,1,0.43333333333333335,0.5666666666666667
546,6376,0,0.9,0.1
547,4123,0,1.0,0.0
548,888,0,0.7931034482758621,0.20689655172413793
549,2868,0,1.0,0.0
550,4140,0,1.0,0.0
551,3362,0,1.0,0.0
552,5115,0,0.9722222222222222,0.027777777777777776
553,1424,0,1.0,0.0
554,6692,0,0.7777777777777778,0.2222222222222222
555,2378,1,0.45454545454545453,0.5454545454545454
556,1726,0,1.0,0.0
557,1288,1,0.4,0.6
558,1836,1,0.35714285714285715,0.6428571428571429
559,6764,1,0.3333333333333333,0.6666666666666666
560,5725,1,0.0,1.0
561,5894,0,1.0,0.0
562,6196,0,1.0,0.0
563,5005,1,0.43333333333333335,0.5666666666666667
564,1838,1,0.0,1.0
565,2013,0,1.0,0.0
566,248,1,0.43333333333333335,0.5666666666666667
567,1156,0,1.0,0.0
568,1839,1,0.0,1.0
569,1943,0,1.0,0.0
570,353,0,1.0,0.0
571,952,0,0.5,0.5
572,3348,0,1.0,0.0
573,4238,1,0.46017699115044247,0.5398230088495575
574,3649,0,1.0,0.0
575,3813,0,1.0,0.0
576,1811,1,0.3425925925925926,0.6574074074074074
577,914,0,1.0,0.0
578,12,1,0.0,1.0
579,2931,0,1.0,0.0
580,4874,0,1.0,0.0
581,247,1,0.0,1.0
582,1200,0,1.0,0.0
583,3058,0,1.0,0.0
584,1581,0,1.0,0.0
585,1438,0,1.0,0.0
586,758,0,0.7878787878787878,0.21212121212121213
587,3940,0,1.0,0.0
588,15,0,1.0,0.0
589,1947,1,0.46017699115044247,0.5398230088495575
590,1277,0,1.0,0.0
591,2618,0,0.6129032258064516,0.3870967741935484
592,6233,0,1.0,0.0
593,2563,1,0.45161290322580644,0.5483870967741935
594,3165,0,1.0,0.0
595,1901,0,0.7878787878787878,0.21212121212121213
596,2255,0,0.8333333333333334,0.16666666666666666
597,5814,0,0.9636363636363636,0.03636363636363636
598,3719,0,1.0,0.0
599,3546,0,0.8333333333333334,0.16666666666666666
600,6161,0,1.0,0.0
601,776,0,1.0,0.0
602,2646,0,0.7931034482758621,0.20689655172413793
603,4371,0,1.0,0.0
604,2169,1,0.3425925925925926,0.6574074074074074
605,5543,0,1.0,0.0
606,3906,0,1.0,0.0
607,6881,1,0.45454545454545453,0.5454545454545454
608,5039,0,1.0,0.0
609,1008,0,1.0,0.0
610,1802,0,0.625,0.375
611,2327,0,1.0,0.0
612,7022,0,1.0,0.0
613,797,0,0.8125,0.1875
614,57,0,0.875,0.125
615,3334,1,0.3488372093023256,0.6511627906976745
616,745,0,0.9,0.1
617,40,1,0.36585365853658536,0.6341463414634146
618,6780,0,0.5,0.5
619,5213,0,1.0,0.0
620,4671,0,1.0,0.0
621,2316,1,0.0,1.0
622,2775,0,0.5,0.5
623,4605,1,0.0,1.0
624,2653,0,1.0,0.0
625,5478,0,1.0,0.0
626,687,1,0.410958904109589,0.589041095890411
627,5319,0,1.0,0.0
628,6934,0,1.0,0.0
629,1876,0,1.0,0.0
630,856,0,1.0,0.0
631,6274,0,0.7708333333333334,0.22916666666666666
632,1744,0,0.9636363636363636,0.03636363636363636
633,4283,1,0.43333333333333335,0.5666666666666667
634,442,0,0.8333333333333334,0.16666666666666666
635,2608,0,1.0,0.0
636,1702,0,1.0,0.0
637,1445,1,0.3425925925925926,0.6574074074074074
638,5142,1,0.45161290322580644,0.5483870967741935
639,2070,1,0.0,1.0
640,2626,0,0.9375,0.0625
641,6712,0,1.0,0.0
642,178,0,1.0,0.0
643,5987,1,0.4444444444444444,0.5555555555555556
644,5092,1,0.3425925925925926,0.6574074074074074
645,6716,1,0.410958904109589,0.589041095890411
646,3729,1,0.0,1.0
647,3667,0,0.672514619883041,0.32748538011695905
648,6670,1,0.14285714285714285,0.8571428571428571
649,948,0,0.9,0.1
650,918,0,0.8,0.2
651,3960,0,0.672514619883041,0.32748538011695905
652,3491,0,1.0,0.0
653,157,0,0.672514619883041,0.32748538011695905
654,4924,0,0.8,0.2
655,1970,0,1.0,0.0
656,516,0,1.0,0.0
657,3086,0,1.0,0.0
658,4940,1,0.36585365853658536,0.6341463414634146
659,4882,0,0.8333333333333334,0.16666666666666666
660,1189,0,1.0,0.0
661,3293,0,1.0,0.0
662,4567,1,0.0,1.0
663,4782,0,1.0,0.0
664,5882,0,1.0,0.0
665,5874,0,0.8571428571428571,0.14285714285714285
666,4240,1,0.35714285714285715,0.6428571428571429
667,2111,1,0.410958904109589,0.589041095890411
668,6982,0,0.672514619883041,0.32748538011695905
669,5262,1,0.3333333333333333,0.6666666666666666
670,1406,0,1.0,0.0
671,5096,1,0.0,1.0
672,5473,1,0.43333333333333335,0.5666666666666667
673,718,0,0.7931034482758621,0.20689655172413793
674,3501,0,0.6875,0.3125
675,4031,1,0.3425925925925926,0.6574074074074074
676,334,1,0.43333333333333335,0.5666666666666667
677,727,0,1.0,0.0
678,2542,0,1.0,0.0
679,5448,0,1.0,0.0
680,325,0,1.0,0.0
681,4159,1,0.36585365853658536,0.6341463414634146
682,4954,0,1.0,0.0
683,644,0,0.672514619883041,0.32748538011695905
684,1621,0,1.0,0.0
685,4215,1,0.3425925925925926,0.6574074074074074
686,6826,1,0.4444444444444444,0.5555555555555556
687,6920,0,1.0,0.0
688,1807,0,0.5576923076923077,0.4423076923076923
689,3088,0,1.0,0.0
690,3175,1,0.0,1.0
691,98,0,1.0,0.0
692,3394,1,0.3425925925925926,0.6574074074074074
693,6537,0,1.0,0.0
694,2956,0,0.9,0.1
695,1665,0,1.0,0.0
696,1618,1,0.43333333333333335,0.5666666666666667
697,3167,0,1.0,0.0
698,1833,1,0.3425925925925926,0.6574074074074074
699,4332,0,1.0,0.0
700,885,0,1.0,0.0
701,3272,0,0.7931034482758621,0.20689655172413793
702,863,1,0.46017699115044247,0.5398230088495575
703,2377,0,1.0,0.0
704,4855,1,0.46017699115044247,0.5398230088495575
705,3307,0,1.0,0.0
706,2675,1,0.36585365853658536,0.6341463414634146
707,6511,1,0.410958904109589,0.589041095890411
708,6115,0,1.0,0.0
709,4748,1,0.36363636363636365,0.6363636363636364
710,6517,0,0.7692307692307693,0.23076923076923078
711,3415,0,1.0,0.0
712,831,0,1.0,0.0
713,258,0,0.9636363636363636,0.03636363636363636
714,685,0,1.0,0.0
715,1825,0,1.0,0.0
716,2158,1,0.36585365853658536,0.6341463414634146
717,652,0,1.0,0.0
718,4146,0,1.0,0.0
719,3453,0,1.0,0.0
720,4041,1,0.3488372093023256,0.6511627906976745
721,5867,0,1.0,0.0
722,6985,0,1.0,0.0
723,3288,1,0.3425925925925926,0.6574074074074074
724,6254,1,0.35714285714285715,0.6428571428571429
725,5696,0,1.0,0.0
726,2681,1,0.36585365853658536,0.6341463414634146
727,4615,0,1.0,0.0
728,1195,1,0.0,1.0
729,3608,0,1.0,0.0
730,1040,0,0.9722222222222222,0.027777777777777776
731,6296,0,1.0,0.0
732,5735,0,0.7878787878787878,0.21212121212121213
733,5367,1,0.0,1.0
734,1929,0,1.0,0.0
735,4200,1,0.410958904109589,0.589041095890411
736,933,0,1.0,0.0
737,2871,1,0.410958904109589,0.589041095890411
738,3473,1,0.410958904109589,0.589041095890411
739,6000,0,0.7931034482758621,0.20689655172413793
740,6698,0,0.672514619883041,0.32748538011695905
741,2695,0,1.0,0.0
742,1800,0,0.7692307692307693,0.23076923076923078
743,1,0,0.7878787878787878,0.21212121212121213
744,6080,1,0.0,1.0
745,2907,0,1.0,0.0
746,944,0,0.782608695652174,0.21739130434782608
747,4360,1,0.3488372093023256,0.6511627906976745
748,6827,1,0.0,1.0
749,3345,0,0.672514619883041,0.32748538011695905
750,6625,0,0.8333333333333334,0.16666666666666666
751,376,0,1.0,0.0
752,6777,0,1.0,0.0
753,3727,0,1.0,0.0
754,5724,0,1.0,0.0
755,4362,0,1.0,0.0
756,3020,0,1.0,0.0
757,2021,1,0.43333333333333335,0.5666666666666667
758,78,0,1.0,0.0
759,5272,0,0.5,0.5
760,5394,0,1.0,0.0
761,6032,0,1.0,0.0
762,466,0,0.7777777777777778,0.2222222222222222
763,1910,0,0.7878787878787878,0.21212121212121213
764,1138,0,1.0,0.0
765,1536,0,0.875,0.125
766,3736,0,1.0,0.0
767,5060,0,0.8333333333333334,0.16666666666666666
768,34,0,1.0,0.0
769,3758,1,0.36585365853658536,0.6341463414634146
770,4674,1,0.43333333333333335,0.5666666666666667
771,6024,0,1.0,0.0
772,6572,0,1.0,0.0
773,653,0,1.0,0.0
774,2368,1,0.46017699115044247,0.5398230088495575
775,5729,0,0.625,0.375
776,4226,0,1.0,0.0
777,2186,0,0.7708333333333334,0.22916666666666666
778,1641,0,1.0,0.0
779,6884,0,0.672514619883041,0.32748538011695905
780,6245,1,0.410958904109589,0.589041095890411
781,3601,0,1.0,0.0
782,5975,0,0.9375,0.0625
783,587,0,1.0,0.0
784,4861,1,0.46017699115044247,0.5398230088495575
785,3339,0,1.0,0.0
786,5414,0,1.0,0.0
787,3207,1,0.46017699115044247,0.5398230088495575
788,4231,0,1.0,0.0
789,1130,1,0.410958904109589,0.589041095890411
790,1634,0,0.672514619883041,0.32748538011695905
791,4119,0,0.9375,0.0625
792,3612,0,0.8,0.2
793,923,1,0.3425925925925926,0.6574074074074074
794,2344,0,1.0,0.0
795,5143,0,0.672514619883041,0.32748538011695905
796,3321,1,0.125,0.875
797,6702,0,1.0,0.0
798,4127,0,1.0,0.0
799,2148,0,1.0,0.0
800,5837,0,0.672514619883041,0.32748538011695905
801,4496,0,1.0,0.0
802,6689,0,0.7878787878787878,0.21212121212121213
803,6736,0,1.0,0.0
804,43,0,1.0,0.0
805,333,0,1.0,0.0
806,370,0,1.0,0.0
807,5629,0,1.0,0.0
808,5692,1,0.46017699115044247,0.5398230088495575
809,4943,0,0.8571428571428571,0.14285714285714285
810,4994,1,0.4,0.6
811,564,0,0.672514619883041,0.32748538011695905
812,4726,0,0.6129032258064516,0.3870967741935484
813,5422,0,1.0,0.0
814,3607,1,0.410958904109589,0.589041095890411
815,4651,0,0.672514619883041,0.32748538011695905
816,3221,0,0.9375,0.0625
817,5117,0,1.0,0.0
818,1754,0,1.0,0.0
819,5921,0,1.0,0.0
820,5423,0,0.7878787878787878,0.21212121212121213
821,689,0,1.0,0.0
822,467,1,0.43333333333333335,0.5666666666666667
823,4502,0,1.0,0.0
824,223,1,0.3425925925925926,0.6574074074074074
825,4244,0,1.0,0.0
826,1443,0,1.0,0.0
827,6317,0,0.5,0.5
828,926,0,1.0,0.0
829,6073,1,0.0,1.0
830,4020,0,1.0,0.0
831,2289,0,0.7878787878787878,0.21212121212121213
832,907,1,0.0,1.0
833,1420,0,1.0,0.0
834,6379,0,1.0,0.0
835,1509,1,0.3425925925925926,0.6574074074074074
836,5999,0,0.782608695652174,0.21739130434782608
837,5948,0,1.0,0.0
838,5334,1,0.43333333333333335,0.5666666666666667
839,285,0,0.8333333333333334,0.16666666666666666
840,3749,1,0.43333333333333335,0.5666666666666667
841,3552,1,0.0,1.0
842,5313,1,0.43333333333333335,0.5666666666666667
843,588,0,1.0,0.0
844,6662,0,1.0,0.0
845,6234,0,1.0,0.0
846,6017,0,1.0,0.0
847,4000,1,0.3425925925925926,0.6574074074074074
848,2434,0,1.0,0.0
849,2980,1,0.0,1.0
850,4050,0,0.6,0.4
851,4568,0,1.0,0.0
852,5607,0,1.0,0.0
853,963,0,0.672514619883041,0.32748538011695905
854,3930,0,0.7708333333333334,0.22916666666666666
855,775,0,1.0,0.0
856,6738,0,1.0,0.0
857,6887,0,0.7878787878787878,0.21212121212121213
858,4009,0,0.7878787878787878,0.21212121212121213
859,901,1,0.46017699115044247,0.5398230088495575
860,1567,0,1.0,0.0
861,3036,1,0.410958904109589,0.589041095890411
862,5415,0,0.672514619883041,0.32748538011695905
863,6601,0,1.0,0.0
864,476,0,0.7931034482758621,0.20689655172413793
865,4696,0,1.0,0.0
866,3786,0,0.8,0.2
867,3073,0,0.6,0.4
868,6466,0,1.0,0.0
869,3832,1,0.3425925925925926,0.6574074074074074
870,4644,0,1.0,0.0
871,3184,1,0.4642857142857143,0.5357142857142857
872,3210,1,0.0,1.0
873,3734,0,1.0,0.0
874,6384,1,0.0,1.0
875,2895,0,0.9,0.1
876,2994,1,0.06666666666666667,0.9333333333333333
877,4008,1,0.43333333333333335,0.5666666666666667
878,4033,0,0.875,0.125
879,3997,0,1.0,0.0
880,4691,0,0.7931034482758621,0.20689655172413793
881,855,0,0.6129032258064516,0.3870967741935484
882,3170,1,0.3333333333333333,0.6666666666666666
883,523,0,1.0,0.0
884,3961,0,0.7931034482758621,0.20689655172413793
885,4195,1,0.14285714285714285,0.8571428571428571
886,2317,1,0.36585365853658536,0.6341463414634146
887,6398,1,0.25,0.75
888,2139,1,0.410958904109589,0.589041095890411
889,6771,1,0.0,1.0
890,4717,1,0.0,1.0
891,5018,0,0.7878787878787878,0.21212121212121213
892,4842,0,1.0,0.0
893,4024,1,0.0,1.0
894,649,1,0.43333333333333335,0.5666666666666667
895,1269,0,1.0,0.0
896,5575,1,0.36585365853658536,0.6341463414634146
897,2944,1,0.125,0.875
898,3101,0,1.0,0.0
899,1274,1,0.43333333333333335,0.5666666666666667
900,4645,0,1.0,0.0
901,4958,0,1.0,0.0
902,1041,1,0.2222222222222222,0.7777777777777778
903,3996,0,0.7878787878787878,0.21212121212121213
904,1221,1,0.3333333333333333,0.6666666666666666
905,6110,1,0.36585365853658536,0.6341463414634146
906,5027,1,0.3488372093023256,0.6511627906976745
907,5491,0,1.0,0.0
908,4109,0,0.9,0.1
909,2132,1,0.0,1.0
910,183,0,1.0,0.0
911,1579,1,0.46017699115044247,0.5398230088495575
912,3377,0,0.672514619883041,0.32748538011695905
913,5495,1,0.36585365853658536,0.6341463414634146
914,6330,0,1.0,0.0
915,204,0,0.9,0.1
916,837,0,1.0,0.0
917,6020,0,1.0,0.0
918,2913,1,0.2222222222222222,0.7777777777777778
919,3750,0,0.7931034482758621,0.20689655172413793
920,6904,0,1.0,0.0
921,5184,1,0.0,1.0
922,3,1,0.0,1.0
923,2328,1,0.36363636363636365,0.6363636363636364
924,951,0,1.0,0.0
925,1268,0,1.0,0.0
926,1369,1,0.4642857142857143,0.5357142857142857
927,2620,0,1.0,0.0
928,6148,1,0.3488372093023256,0.6511627906976745
929,419,0,0.5,0.5
930,6264,0,0.672514619883041,0.32748538011695905
931,7024,0,1.0,0.0
932,3300,1,0.36585365853658536,0.6341463414634146
933,3218,0,0.9722222222222222,0.027777777777777776
934,5311,0,0.672514619883041,0.32748538011695905
935,3885,1,0.0,1.0
936,262,1,0.0,1.0
937,1299,0,0.75,0.25
938,6606,0,0.782608695652174,0.21739130434782608
939,4468,0,1.0,0.0
940,6230,0,1.0,0.0
941,5549,0,0.6129032258064516,0.3870967741935484
942,573,1,0.36585365853658536,0.6341463414634146
943,5576,0,0.6129032258064516,0.3870967741935484
944,3085,0,1.0,0.0
945,880,0,1.0,0.0
946,59,0,0.7931034482758621,0.20689655172413793
947,4945,0,1.0,0.0
948,2357,0,1.0,0.0
949,4188,0,1.0,0.0
950,4025,0,0.5576923076923077,0.4423076923076923
951,1144,0,0.672514619883041,0.32748538011695905
952,1046,0,1.0,0.0
953,137,0,1.0,0.0
954,5284,0,1.0,0.0
955,6269,1,0.410958904109589,0.589041095890411
956,2119,1,0.25,0.75
957,4769,0,1.0,0.0
958,357,1,0.43333333333333335,0.5666666666666667
959,6591,0,0.5714285714285714,0.42857142857142855
960,6181,0,1.0,0.0
961,941,0,0.7878787878787878,0.21212121212121213
962,5168,1,0.43333333333333335,0.5666666666666667
963,4228,0,0.7931034482758621,0.20689655172413793
964,6132,0,0.672514619883041,0.32748538011695905
965,1061,1,0.46017699115044247,0.5398230088495575
966,575,0,1.0,0.0
967,6385,0,0.672514619883041,0.32748538011695905
968,3354,0,1.0,0.0
969,2173,1,0.3425925925925926,0.6574074074074074
970,4181,0,0.782608695652174,0.21739130434782608
971,3728,0,1.0,0.0
972,6052,0,1.0,0.0
973,5159,1,0.3488372093023256,0.6511627906976745
974,3497,1,0.3425925925925926,0.6574074074074074
975,487,0,1.0,0.0
976,3978,1,0.410958904109589,0.589041095890411
977,1563,0,1.0,0.0
978,768,0,1.0,0.0
979,272,0,1.0,0.0
980,1158,0,1.0,0.0
981,5203,0,1.0,0.0
982,3281,0,0.672514619883041,0.32748538011695905
983,736,1,0.0,1.0
984,6287,0,1.0,0.0
985,4601,0,1.0,0.0
986,2500,0,1.0,0.0
987,436,0,0.672514619883041,0.32748538011695905
988,6719,0,0.875,0.125
989,5389,0,1.0,0.0
990,5558,1,0.46017699115044247,0.5398230088495575
991,1436,0,1.0,0.0
992,2715,0,1.0,0.0
993,721,0,0.75,0.25
994,6536,0,1.0,0.0
995,2078,0,0.6666666666666666,0.3333333333333333
996,1315,0,0.9375,0.0625
997,5809,1,0.3488372093023256,0.6511627906976745
998,2039,0,0.7931034482758621,0.20689655172413793
999,2764,1,0.46017699115044247,0.5398230088495575
1000,1223,0,1.0,0.0
1001,1392,1,0.43333333333333335,0.5666666666666667
1002,3427,0,1.0,0.0
1003,5359,1,0.3488372093023256,0.6511627906976745
1004,1063,1,0.4642857142857143,0.5357142857142857
1005,5623,1,0.43333333333333335,0.5666666666666667
1006,6341,1,0.0,1.0
1007,5713,0,0.6129032258064516,0.3870967741935484
1008,4833,0,1.0,0.0
1009,2040,1,0.0,1.0
1010,5283,0,1.0,0.0
1011,3102,1,0.410958904109589,0.589041095890411
1012,486,1,0.0,1.0
1013,1989,1,0.3425925925925926,0.6574074074074074
1014,6221,0,0.6666666666666666,0.3333333333333333
1015,790,0,1.0,0.0
1016,5599,0,0.5576923076923077,0.4423076923076923
1017,6728,0,0.9047619047619048,0.09523809523809523
1018,4327,0,1.0,0.0
1019,621,0,1.0,0.0
1020,556,0,1.0,0.0
1021,6936,0,0.7708333333333334,0.22916666666666666
1022,3641,1,0.25,0.75
1023,2662,0,0.9,0.1
1024,5360,0,1.0,0.0
1025,6547,0,1.0,0.0
1026,3488,0,1.0,0.0
1027,1753,0,1.0,0.0
1028,2404,0,1.0,0.0
1029,2885,0,0.9636363636363636,0.03636363636363636
1030,5106,0,0.7878787878787878,0.21212121212121213
1031,4325,1,0.25,0.75
1032,1746,1,0.3425925925925926,0.6574074074074074
1033,60,0,0.9705882352941176,0.029411764705882353
1034,1365,1,0.14285714285714285,0.8571428571428571
1035,1494,0,1.0,0.0
1036,3164,1,0.36585365853658536,0.6341463414634146
1037,6415,0,1.0,0.0
1038,5678,1,0.3333333333333333,0.6666666666666666
1039,3313,0,0.7878787878787878,0.21212121212121213
1040,3113,0,1.0,0.0
1041,3712,0,1.0,0.0
1042,6373,0,0.672514619883041,0.32748538011695905
1043,640,0,0.7878787878787878,0.21212121212121213
1044,739,0,1.0,0.0
1045,297,0,0.8333333333333334,0.16666666666666666
1046,3364,0,1.0,0.0
1047,1093,0,1.0,0.0
1048,3699,0,0.7878787878787878,0.21212121212121213
1049,1372,0,0.782608695652174,0.21739130434782608
1050,2685,1,0.45161290322580644,0.5483870967741935
1051,5618,0,0.672514619883041,0.32748538011695905
1052,3247,1,0.3333333333333333,0.6666666666666666
1053,996,0,1.0,0.0
1054,1893,0,1.0,0.0
1055,5286,0,1.0,0.0
1056,4465,0,1.0,0.0
1057,1378,0,0.9375,0.0625
1058,3277,0,0.7931034482758621,0.20689655172413793
1059,3854,1,0.0,1.0
1060,5972,1,0.25,0.75
1061,5947,0,0.672514619883041,0.32748538011695905
1062,6848,0,1.0,0.0
1063,1442,0,1.0,0.0
1064,4570,0,1.0,0.0
1065,2174,0,1.0,0.0
1066,3669,0,1.0,0.0
1067,6119,1,0.36585365853658536,0.6341463414634146
1068,824,0,1.0,0.0
1069,3833,0,1.0,0.0
1070,5294,0,1.0,0.0
1071,4617,0,1.0,0.0
1072,1696,1,0.46017699115044247,0.5398230088495575
1073,6435,0,1.0,0.0
1074,6528,1,0.0,1.0
1075,540,1,0.3333333333333333,0.6666666666666666
1076,4791,0,0.8125,0.1875
1077,4469,0,1.0,0.0
1078,4216,0,0.672514619883041,0.32748538011695905
1079,6790,1,0.36363636363636365,0.6363636363636364
1080,6797,1,0.45161290322580644,0.5483870967741935
1081,3441,0,1.0,0.0
1082,4814,0,1.0,0.0
1083,6248,0,1.0,0.0
1084,6832,0,1.0,0.0
1085,1000,1,0.0,1.0
1086,4270,1,0.3425925925925926,0.6574074074074074
1087,310,0,1.0,0.0
1088,2391,1,0.410958904109589,0.589041095890411
1089,3228,0,1.0,0.0
1090,3748,0,0.782608695652174,0.21739130434782608
1091,4757,0,1.0,0.0
1092,6928,0,0.6896551724137931,0.3103448275862069
1093,6403,0,1.0,0.0
1094,1882,0,0.6666666666666666,0.3333333333333333
1095,3648,0,0.5576923076923077,0.4423076923076923
1096,1094,0,1.0,0.0
1097,2616,0,1.0,0.0
1098,2853,1,0.0,1.0
1099,6102,1,0.06666666666666667,0.9333333333333333
1100,3680,0,1.0,0.0
1101,4948,1,0.45454545454545453,0.5454545454545454
1102,6980,0,0.8571428571428571,0.14285714285714285
1103,413,0,1.0,0.0
1104,1310,0,1.0,0.0
1105,2263,1,0.14285714285714285,0.8571428571428571
1106,5730,0,1.0,0.0
1107,6346,0,0.9,0.1
1108,925,0,1.0,0.0
1109,4667,0,0.7931034482758621,0.20689655172413793
1110,6584,1,0.0,1.0
1111,4825,1,0.45161290322580644,0.5483870967741935
1112,846,0,1.0,0.0
1113,1899,0,0.782608695652174,0.21739130434782608
1114,4730,0,0.7708333333333334,0.22916666666666666
1115,1303,0,0.6129032258064516,0.3870967741935484
1116,3763,1,0.0,1.0
1117,112,1,0.3425925925925926,0.6574074074074074
1118,6609,0,0.875,0.125
1119,5328,1,0.25,0.75
1120,597,0,1.0,0.0
1121,6793,0,0.9636363636363636,0.03636363636363636
1122,3869,0,1.0,0.0
1123,6076,0,1.0,0.0
1124,969,0,1.0,0.0
1125,3197,1,0.06666666666666667,0.9333333333333333
1126,2501,1,0.0,1.0
1127,410,0,1.0,0.0
1128,3059,0,0.782608695652174,0.21739130434782608
1129,4579,0,1.0,0.0
1130,3246,0,0.9,0.1
1131,171,0,0.6896551724137931,0.3103448275862069
1132,1939,0,0.6129032258064516,0.3870967741935484
1133,4429,1,0.45161290322580644,0.5483870967741935
1134,1385,0,1.0,0.0
1135,1837,0,1.0,0.0
1136,5673,0,1.0,0.0
1137,3745,1,0.0,1.0
1138,3413,0,1.0,0.0
1139,4802,0,1.0,0.0
1140,4961,0,0.5,0.5
1141,6902,0,0.8333333333333334,0.16666666666666666
1142,2578,0,0.7878787878787878,0.21212121212121213
1143,713,0,0.875,0.125
1144,67,0,1.0,0.0
1145,6821,0,1.0,0.0
1146,4088,0,1.0,0.0
1147,2773,0,0.7878787878787878,0.21212121212121213
1148,4232,0,1.0,0.0
1149,5128,0,1.0,0.0
1150,6667,0,1.0,0.0
1151,1479,0,1.0,0.0
1152,5662,0,0.672514619883041,0.32748538011695905
1153,1547,1,0.0,1.0
1154,5137,0,0.8333333333333334,0.16666666666666666
1155,6891,0,1.0,0.0
1156,1026,0,0.672514619883041,0.32748538011695905
1157,5212,1,0.3425925925925926,0.6574074074074074
1158,4504,1,0.25,0.75
1159,7019,1,0.0,1.0
1160,5965,0,1.0,0.0
1161,884,1,0.0,1.0
1162,5230,0,1.0,0.0
1163,561,0,1.0,0.0
1164,6251,0,1.0,0.0
1165,4312,0,0.8571428571428571,0.14285714285714285
1166,2423,0,0.9,0.1
1167,148,0,0.6129032258064516,0.3870967741935484
1168,1920,0,1.0,0.0
1169,1323,0,0.672514619883041,0.32748538011695905
1170,3647,0,1.0,0.0
1171,5322,1,0.43333333333333335,0.5666666666666667
1172,4918,0,0.6875,0.3125
1173,1580,0,1.0,0.0
1174,3586,0,0.9,0.1
1175,2092,1,0.46017699115044247,0.5398230088495575
1176,4516,0,1.0,0.0
1177,6914,0,1.0,0.0
1178,549,1,0.0,1.0
1179,6962,1,0.0,1.0
1180,1601,0,1.0,0.0
1181,5843,0,1.0,0.0
1182,3776,0,0.672514619883041,0.32748538011695905
1183,6160,0,1.0,0.0
1184,6253,0,0.7931034482758621,0.20689655172413793
1185,3337,0,1.0,0.0
1186,6522,0,0.9636363636363636,0.03636363636363636
1187,3979,0,1.0,0.0
1188,1927,0,0.6896551724137931,0.3103448275862069
1189,3301,0,1.0,0.0
1190,3452,0,1.0,0.0
1191,206,1,0.36585365853658536,0.6341463414634146
1192,868,0,1.0,0.0
1193,2859,0,1.0,0.0
1194,2572,1,0.36585365853658536,0.6341463414634146
1195,3900,0,0.672514619883041,0.32748538011695905
1196,4578,0,1.0,0.0
1197,4986,0,0.672514619883041,0.32748538011695905
1198,4434,0,0.8571428571428571,0.14285714285714285
1199,5625,0,0.6129032258064516,0.3870967741935484
1200,1956,1,0.3488372093023256,0.6511627906976745
1201,2364,0,1.0,0.0
1202,2492,0,0.76,0.24
1203,1983,0,1.0,0.0
1204,1511,0,0.6129032258064516,0.3870967741935484
1205,4166,1,0.3425925925925926,0.6574074074074074
1206,5109,1,0.0,1.0
1207,2209,0,0.9,0.1
1208,5258,0,1.0,0.0
1209,2468,0,1.0,0.0
1210,4909,1,0.46017699115044247,0.5398230088495575
1211,6999,0,0.7708333333333334,0.22916666666666666
1212,626,1,0.43333333333333335,0.5666666666666667
1213,3990,0,0.672514619883041,0.32748538011695905
1214,400,0,1.0,0.0
1215,5354,0,0.7777777777777778,0.2222222222222222
1216,1459,1,0.2727272727272727,0.7272727272727273
1217,414,1,0.125,0.875
1218,85,0,0.8125,0.1875
1219,2739,0,1.0,0.0
1220,135,0,0.6896551724137931,0.3103448275862069
1221,4634,0,0.672514619883041,0.32748538011695905
1222,3338,0,0.7931034482758621,0.20689655172413793
1223,3056,1,0.36585365853658536,0.6341463414634146
1224,3756,0,0.672514619883041,0.32748538011695905
1225,3693,0,0.672514619883041,0.32748538011695905
1226,4413,1,0.410958904109589,0.589041095890411
1227,6779,0,0.7931034482758621,0.20689655172413793
1228,4848,0,1.0,0.0
1229,4436,0,0.9,0.1
1230,3817,0,0.7878787878787878,0.21212121212121213
1231,1031,1,0.0,1.0
1232,2940,0,1.0,0.0
1233,3686,0,1.0,0.0
1234,3019,0,0.7878787878787878,0.21212121212121213
1235,3544,1,0.43333333333333335,0.5666666666666667
1236,6453,0,1.0,0.0
1237,5151,1,0.410958904109589,0.589041095890411
1238,5032,1,0.4444444444444444,0.5555555555555556
1239,2617,0,1.0,0.0
1240,214,1,0.0,1.0
1241,4296,0,0.7931034482758621,0.20689655172413793
1242,2544,1,0.43333333333333335,0.5666666666666667
1243,3178,0,0.6,0.4
1244,6553,0,0.7708333333333334,0.22916666666666666
1245,3171,1,0.2727272727272727,0.7272727272727273
1246,1097,0,1.0,0.0
1247,2735,1,0.0,1.0
1248,6207,1,0.36585365853658536,0.6341463414634146
1249,2273,1,0.4444444444444444,0.5555555555555556
1250,1045,1,0.3425925925925926,0.6574074074074074
1251,2512,0,0.7878787878787878,0.21212121212121213
1252,1630,0,0.5714285714285714,0.42857142857142855
1253,412,1,0.125,0.875
1254,1914,1,0.0,1.0
1255,7034,0,0.782608695652174,0.21739130434782608
1256,389,1,0.46017699115044247,0.5398230088495575
1257,5054,0,1.0,0.0
1258,2467,0,1.0,0.0
1259,5531,0,1.0,0.0
1260,3630,1,0.0,1.0
1261,6729,1,0.4444444444444444,0.5555555555555556
1262,2069,0,0.7878787878787878,0.21212121212121213
1263,6125,1,0.36585365853658536,0.6341463414634146
1264,5513,0,0.875,0.125
1265,6988,1,0.0,1.0
1266,4432,0,1.0,0.0
1267,2670,0,1.0,0.0
1268,2851,0,1.0,0.0
1269,5302,0,1.0,0.0
1270,1451,0,1.0,0.0
1271,5380,1,0.0,1.0
1272,6634,0,1.0,0.0
1273,3881,0,1.0,0.0
1274,5776,0,1.0,0.0
1275,4718,0,1.0,0.0
1276,3879,0,1.0,0.0
1277,1398,1,0.0,1.0
1278,1745,0,0.6129032258064516,0.3870967741935484
1279,1498,1,0.36363636363636365,0.6363636363636364
1280,2538,0,1.0,0.0
1281,2181,0,0.7708333333333334,0.22916666666666666
1282,6723,0,1.0,0.0
1283,4654,0,0.782608695652174,0.21739130434782608
1284,4849,0,0.8125,0.1875
1285,1341,0,1.0,0.0
1286,3234,0,1.0,0.0
1287,4385,1,0.4642857142857143,0.5357142857142857
1288,4491,0,0.9722222222222222,0.027777777777777776
1289,5171,1,0.36585365853658536,0.6341463414634146
1290,4376,0,1.0,0.0
1291,2449,0,1.0,0.0
1292,1871,1,0.36585365853658536,0.6341463414634146
1293,3226,0,1.0,0.0
1294,3635,0,1.0,0.0
1295,1541,1,0.0,1.0
1296,6324,0,0.7931034482758621,0.20689655172413793
1297,6137,1,0.3488372093023256,0.6511627906976745
1298,4887,0,1.0,0.0
1299,3513,0,1.0,0.0
1300,514,0,0.7931034482758621,0.20689655172413793
1301,1854,1,0.3425925925925926,0.6574074074074074
1302,4464,0,1.0,0.0
1303,6805,0,0.7931034482758621,0.20689655172413793
1304,1468,0,1.0,0.0
1305,3901,0,0.8333333333333334,0.16666666666666666
1306,6535,0,0.672514619883041,0.32748538011695905
1307,440,0,0.8571428571428571,0.14285714285714285
1308,6282,0,1.0,0.0
1309,1023,1,0.36585365853658536,0.6341463414634146
1310,6103,1,0.14285714285714285,0.8571428571428571
1311,2412,1,0.46017699115044247,0.5398230088495575
1312,1101,0,0.7878787878787878,0.21212121212121213
1313,5114,0,1.0,0.0
1314,4663,1,0.3488372093023256,0.6511627906976745
1315,6622,0,1.0,0.0
1316,5873,0,0.7878787878787878,0.21212121212121213
1317,2266,0,1.0,0.0
1318,1250,0,0.6896551724137931,0.3103448275862069
1319,2419,1,0.3425925925925926,0.6574074074074074
1320,5616,0,1.0,0.0
1321,5631,1,0.125,0.875
1322,5019,1,0.3488372093023256,0.6511627906976745
1323,430,0,1.0,0.0
1324,1239,0,1.0,0.0
1325,1725,1,0.410958904109589,0.589041095890411
1326,6684,0,1.0,0.0
1327,4419,0,1.0,0.0
1328,5206,0,1.0,0.0
1329,3663,0,1.0,0.0
1330,6583,0,0.7931034482758621,0.20689655172413793
1331,5399,0,1.0,0.0
1332,2906,0,1.0,0.0
1333,115,0,1.0,0.0
1334,6913,0,0.9444444444444444,0.05555555555555555
1335,5227,0,0.672514619883041,0.32748538011695905
1336,143,0,0.6666666666666666,0.3333333333333333
1337,388,0,1.0,0.0
1338,1928,0,1.0,0.0
1339,662,0,1.0,0.0
1340,7008,0,0.625,0.375
1341,4229,0,1.0,0.0
1342,580,0,0.782608695652174,0.21739130434782608
1343,4079,1,0.2857142857142857,0.7142857142857143
1344,4149,1,0.3488372093023256,0.6511627906976745
1345,225,0,1.0,0.0
1346,4867,0,1.0,0.0
1347,600,0,0.7931034482758621,0.20689655172413793
1348,6363,0,0.7708333333333334,0.22916666666666666
1349,3423,0,0.782608695652174,0.21739130434782608
1350,4581,0,1.0,0.0
1351,670,0,1.0,0.0
1352,3547,1,0.45161290322580644,0.5483870967741935
1353,1801,0,1.0,0.0
1354,6596,0,1.0,0.0
1355,5830,0,1.0,0.0
1356,5393,0,0.7777777777777778,0.2222222222222222
1357,4859,0,0.9375,0.0625
1358,2574,0,1.0,0.0
1359,5567,0,0.5576923076923077,0.4423076923076923
1360,2110,0,1.0,0.0
1361,5787,0,1.0,0.0
1362,6441,1,0.3488372093023256,0.6511627906976745
1363,3158,0,1.0,0.0
1364,1206,0,1.0,0.0
1365,2445,0,0.6129032258064516,0.3870967741935484
1366,4456,0,0.9,0.1
1367,3716,0,0.5,0.5
1368,1909,0,0.7878787878787878,0.21212121212121213
1369,3936,1,0.0,1.0
1370,14,0,0.8,0.2
1371,1698,0,0.672514619883041,0.32748538011695905
1372,4537,0,0.875,0.125
1373,6009,0,0.8333333333333334,0.16666666666666666
1374,3617,0,1.0,0.0
1375,6621,1,0.410958904109589,0.589041095890411
1376,4347,0,0.9047619047619048,0.09523809523809523
1377,5901,0,1.0,0.0
1378,6098,1,0.46017699115044247,0.5398230088495575
1379,4923,0,1.0,0.0
1380,3992,1,0.43333333333333335,0.5666666666666667
1381,3739,0,1.0,0.0
1382,5296,1,0.0,1.0
1383,4343,1,0.3488372093023256,0.6511627906976745
1384,3055,1,0.3425925925925926,0.6574074074074074
1385,4503,0,0.9444444444444444,0.05555555555555555
1386,5014,0,1.0,0.0
1387,1044,1,0.0,1.0
1388,6548,0,1.0,0.0
1389,3874,0,0.9047619047619048,0.09523809523809523
1390,4261,1,0.43333333333333335,0.5666666666666667
1391,756,0,1.0,0.0
1392,3808,0,1.0,0.0
1393,3651,0,0.9705882352941176,0.029411764705882353
1394,2587,0,0.9,0.1
1395,6990,0,0.672514619883041,0.32748538011695905
1396,2189,0,0.6875,0.3125
1397,1435,0,0.672514619883041,0.32748538011695905
1398,497,0,0.75,0.25
1399,6236,0,0.672514619883041,0.32748538011695905
1400,6968,0,1.0,0.0
1401,3721,1,0.43333333333333335,0.5666666666666667
1402,1251,0,1.0,0.0
1403,5076,0,1.0,0.0
1404,4007,0,0.875,0.125
1405,6846,1,0.0,1.0
1406,6873,0,1.0,0.0
1407,5648,0,1.0,0.0
1408,3363,1,0.0,1.0
